5,14 luglio 2021
4,14 luglio 2021
3,14 luglio 2021
2,14 luglio 2021
1,14 luglio 2021
6,13 luglio 2021
6,15 luglio 2021
2,14 luglio 2021
0,14 luglio 2021
0,14 luglio 2021
1,14 luglio 2021
9,14 luglio 2021
10,14 luglio 2021
12,14 luglio 2021
26,14 luglio 2021
13,14 luglio 2021
4,14 luglio 2021
9,14 luglio 2021
8,15 luglio 2021
5,15 luglio 2021
5,15 luglio 2021
5,15 luglio 2021
20,15 luglio 2021
29,15 luglio 2021
30,15 luglio 2021
0,16 luglio 2021
1,16 luglio 2021
8,16 luglio 2021
4,17 luglio 2021
2,17 luglio 2021
2,17 luglio 2021
10,17 luglio 2021
0,18 luglio 2021
0,18 luglio 2021
2,18 luglio 2021
1,18 luglio 2021
2,18 luglio 2021
0,18 luglio 2021
1,18 luglio 2021
2,18 luglio 2021
1,18 luglio 2021
3,18 luglio 2021
1,18 luglio 2021
4,18 luglio 2021
2,18 luglio 2021
0,18 luglio 2021
1,18 luglio 2021
0,18 luglio 2021
1,18 luglio 2021
1,18 luglio 2021
1,18 luglio 2021
1,18 luglio 2021
2,18 luglio 2021
2,18 luglio 2021
1,18 luglio 2021
1,18 luglio 2021
0,18 luglio 2021
0,18 luglio 2021
1,18 luglio 2021
11,18 luglio 2021
6,18 luglio 2021
16,18 luglio 2021
10,18 luglio 2021
1,18 luglio 2021
1,19 luglio 2021
20,19 luglio 2021
20,19 luglio 2021
1,19 luglio 2021
9,19 luglio 2021
2,19 luglio 2021
0,19 luglio 2021
1,19 luglio 2021
11,20 luglio 2021
2,20 luglio 2021
20,21 luglio 2021
0,21 luglio 2021
0,21 luglio 2021
0,21 luglio 2021
0,21 luglio 2021
1,21 luglio 2021
1,21 luglio 2021
1,22 luglio 2021
6,23 luglio 2021
5,23 luglio 2021
10,23 luglio 2021
0,23 luglio 2021
0,23 luglio 2021
0,23 luglio 2021
4,23 luglio 2021
2,23 luglio 2021
13,23 luglio 2021
0,23 luglio 2021
0,25 luglio 2021
0,25 luglio 2021
0,25 luglio 2021
0,25 luglio 2021
0,25 luglio 2021
0,26 luglio 2021
0,26 luglio 2021
0,26 luglio 2021
1,26 luglio 2021
0,27 luglio 2021
1,28 luglio 2021
1,28 luglio 2021
20,28 luglio 2021
8,23 agosto 2021
0,24 agosto 2021
16,24 agosto 2021
21,24 agosto 2021
20,24 agosto 2021
1,24 agosto 2021
2,24 agosto 2021
2,24 agosto 2021
2,24 agosto 2021
2,24 agosto 2021
20,24 agosto 2021
9,25 agosto 2021
5,25 agosto 2021
1,25 agosto 2021
5,25 agosto 2021
31,25 agosto 2021
10,30 agosto 2021